dateTime,close
2017-08-17 00-00-00,302.00000000
2017-08-18 00-00-00,293.96000000
2017-08-19 00-00-00,290.91000000
2017-08-20 00-00-00,299.10000000
2017-08-21 00-00-00,323.29000000
2017-08-22 00-00-00,309.80000000
2017-08-23 00-00-00,315.74000000
2017-08-24 00-00-00,323.42000000
2017-08-25 00-00-00,327.24000000
2017-08-26 00-00-00,330.79000000
2017-08-27 00-00-00,348.13000000
2017-08-28 00-00-00,346.00000000
2017-08-29 00-00-00,374.70000000
2017-08-30 00-00-00,385.93000000
2017-08-31 00-00-00,384.79000000
2017-09-01 00-00-00,388.46000000
2017-09-02 00-00-00,343.14000000
2017-09-03 00-00-00,341.77000000
2017-09-04 00-00-00,283.77000000
2017-09-05 00-00-00,312.09000000
2017-09-06 00-00-00,335.00000000
2017-09-07 00-00-00,334.49000000
2017-09-08 00-00-00,302.99000000
2017-09-09 00-00-00,296.74000000
2017-09-10 00-00-00,293.50000000
2017-09-11 00-00-00,297.30000000
2017-09-12 00-00-00,293.96000000
2017-09-13 00-00-00,276.91000000
2017-09-14 00-00-00,215.21000000
2017-09-15 00-00-00,253.00000000
2017-09-16 00-00-00,249.31000000
2017-09-17 00-00-00,257.55000000
2017-09-18 00-00-00,294.57000000
2017-09-19 00-00-00,284.00000000
2017-09-20 00-00-00,282.00000000
2017-09-21 00-00-00,257.00000000
2017-09-22 00-00-00,264.00000000
2017-09-23 00-00-00,285.93000000
2017-09-24 00-00-00,282.00000000
2017-09-25 00-00-00,294.42000000
2017-09-26 00-00-00,287.90000000
2017-09-27 00-00-00,309.74000000
2017-09-28 00-00-00,302.44000000
2017-09-29 00-00-00,292.22000000
2017-09-30 00-00-00,304.36000000
2017-10-01 00-00-00,303.95000000
2017-10-02 00-00-00,296.50000000
2017-10-03 00-00-00,292.48000000
2017-10-04 00-00-00,291.99000000
2017-10-05 00-00-00,294.81000000
2017-10-06 00-00-00,310.80000000
2017-10-07 00-00-00,311.01000000
2017-10-08 00-00-00,311.07000000
2017-10-09 00-00-00,297.19000000
2017-10-10 00-00-00,298.64000000
2017-10-11 00-00-00,304.01000000
2017-10-12 00-00-00,303.99000000
2017-10-13 00-00-00,337.96000000
2017-10-14 00-00-00,342.00000000
2017-10-15 00-00-00,337.96000000
2017-10-16 00-00-00,335.19000000
2017-10-17 00-00-00,315.19000000
2017-10-18 00-00-00,309.70000000
2017-10-19 00-00-00,308.66000000
2017-10-20 00-00-00,304.51000000
2017-10-21 00-00-00,298.94000000
2017-10-22 00-00-00,293.79000000
2017-10-23 00-00-00,281.09000000
2017-10-24 00-00-00,297.38000000
2017-10-25 00-00-00,294.49000000
2017-10-26 00-00-00,294.71000000
2017-10-27 00-00-00,296.33000000
2017-10-28 00-00-00,291.87000000
2017-10-29 00-00-00,305.00000000
2017-10-30 00-00-00,307.25000000
2017-10-31 00-00-00,304.90000000
2017-11-01 00-00-00,287.01000000
2017-11-02 00-00-00,283.12000000
2017-11-03 00-00-00,304.08000000
2017-11-04 00-00-00,298.04000000
2017-11-05 00-00-00,295.53000000
2017-11-06 00-00-00,297.97000000
2017-11-07 00-00-00,291.78000000
2017-11-08 00-00-00,303.02000000
2017-11-09 00-00-00,317.87000000
2017-11-10 00-00-00,293.50000000
2017-11-11 00-00-00,310.02000000
2017-11-12 00-00-00,305.24000000
2017-11-13 00-00-00,312.99000000
2017-11-14 00-00-00,335.61000000
2017-11-15 00-00-00,331.33000000
2017-11-16 00-00-00,331.49000000
2017-11-17 00-00-00,331.23000000
2017-11-18 00-00-00,346.66000000
2017-11-19 00-00-00,354.15000000
2017-11-20 00-00-00,367.42000000
2017-11-21 00-00-00,362.12000000
2017-11-22 00-00-00,380.65000000
2017-11-23 00-00-00,405.00000000
2017-11-24 00-00-00,469.00000000
2017-11-25 00-00-00,461.82000000
2017-11-26 00-00-00,462.84000000
2017-11-27 00-00-00,472.31000000
2017-11-28 00-00-00,466.17000000
2017-11-29 00-00-00,421.70000000
2017-11-30 00-00-00,427.43000000
2017-12-01 00-00-00,457.51000000
2017-12-02 00-00-00,457.63000000
2017-12-03 00-00-00,460.30000000
2017-12-04 00-00-00,466.67000000
2017-12-05 00-00-00,452.26000000
2017-12-06 00-00-00,411.01000000
2017-12-07 00-00-00,406.33000000
2017-12-08 00-00-00,442.56000000
2017-12-09 00-00-00,460.00000000
2017-12-10 00-00-00,427.35000000
2017-12-11 00-00-00,508.70000000
2017-12-12 00-00-00,620.00000000
2017-12-13 00-00-00,683.99000000
2017-12-14 00-00-00,679.76000000
2017-12-15 00-00-00,674.95000000
2017-12-16 00-00-00,682.81000000
2017-12-17 00-00-00,707.64000000
2017-12-18 00-00-00,784.00000000
2017-12-19 00-00-00,798.00000000
2017-12-20 00-00-00,790.21000000
2017-12-21 00-00-00,782.41000000
2017-12-22 00-00-00,635.97000000
2017-12-23 00-00-00,640.34000000
2017-12-24 00-00-00,658.00000000
2017-12-25 00-00-00,714.95000000
2017-12-26 00-00-00,750.00000000
2017-12-27 00-00-00,739.89000000
2017-12-28 00-00-00,707.89000000
2017-12-29 00-00-00,733.99000000
2017-12-30 00-00-00,681.06000000
2017-12-31 00-00-00,733.98000000
2018-01-01 00-00-00,754.99000000
2018-01-02 00-00-00,855.28000000
2018-01-03 00-00-00,934.03000000
2018-01-04 00-00-00,940.00000000
2018-01-05 00-00-00,959.30000000
2018-01-06 00-00-00,1004.11000000
2018-01-07 00-00-00,1123.09000000
2018-01-08 00-00-00,1133.18000000
2018-01-09 00-00-00,1291.00000000
2018-01-10 00-00-00,1247.00000000
2018-01-11 00-00-00,1138.93000000
2018-01-12 00-00-00,1253.87000000
2018-01-13 00-00-00,1388.02000000
2018-01-14 00-00-00,1347.00000000
2018-01-15 00-00-00,1271.00000000
2018-01-16 00-00-00,1000.00000000
2018-01-17 00-00-00,1000.00000000
2018-01-18 00-00-00,994.00000000
2018-01-19 00-00-00,1032.50000000
2018-01-20 00-00-00,1152.75000000
2018-01-21 00-00-00,1049.00000000
2018-01-22 00-00-00,993.00000000
2018-01-23 00-00-00,980.00000000
2018-01-24 00-00-00,1061.00000000
2018-01-25 00-00-00,1056.52000000
2018-01-26 00-00-00,1051.03000000
2018-01-27 00-00-00,1118.99000000
2018-01-28 00-00-00,1251.96000000
2018-01-29 00-00-00,1177.01000000
2018-01-30 00-00-00,1085.50000000
2018-01-31 00-00-00,1124.81000000
2018-02-01 00-00-00,1041.94000000
2018-02-02 00-00-00,922.30000000
2018-02-03 00-00-00,971.00000000
2018-02-04 00-00-00,823.56000000
2018-02-05 00-00-00,697.92000000
2018-02-06 00-00-00,779.25000000
2018-02-07 00-00-00,754.00000000
2018-02-08 00-00-00,781.66000000
2018-02-09 00-00-00,877.00000000
2018-02-10 00-00-00,851.15000000
2018-02-11 00-00-00,808.99000000
2018-02-12 00-00-00,866.66000000
2018-02-13 00-00-00,841.57000000
2018-02-14 00-00-00,919.09000000
2018-02-15 00-00-00,924.55000000
2018-02-16 00-00-00,938.67000000
2018-02-17 00-00-00,969.99000000
2018-02-18 00-00-00,911.00000000
2018-02-19 00-00-00,938.11000000
2018-02-20 00-00-00,882.99000000
2018-02-21 00-00-00,835.89000000
2018-02-22 00-00-00,801.49000000
2018-02-23 00-00-00,851.60000000
2018-02-24 00-00-00,833.94000000
2018-02-25 00-00-00,841.19000000
2018-02-26 00-00-00,867.98000000
2018-02-27 00-00-00,870.11000000
2018-02-28 00-00-00,853.50000000
2018-03-01 00-00-00,870.63000000
2018-03-02 00-00-00,856.28000000
2018-03-03 00-00-00,856.02000000
2018-03-04 00-00-00,866.66000000
2018-03-05 00-00-00,849.84000000
2018-03-06 00-00-00,813.11000000
2018-03-07 00-00-00,749.90000000
2018-03-08 00-00-00,695.46000000
2018-03-09 00-00-00,723.71000000
2018-03-10 00-00-00,680.58000000
2018-03-11 00-00-00,720.85000000
2018-03-12 00-00-00,697.11000000
2018-03-13 00-00-00,689.94000000
2018-03-14 00-00-00,610.10000000
2018-03-15 00-00-00,608.83000000
2018-03-16 00-00-00,599.05000000
2018-03-17 00-00-00,546.95000000
2018-03-18 00-00-00,537.00000000
2018-03-19 00-00-00,556.88000000
2018-03-20 00-00-00,557.00000000
2018-03-21 00-00-00,559.17000000
2018-03-22 00-00-00,539.92000000
2018-03-23 00-00-00,543.03000000
2018-03-24 00-00-00,520.22000000
2018-03-25 00-00-00,523.74000000
2018-03-26 00-00-00,485.00000000
2018-03-27 00-00-00,448.50000000
2018-03-28 00-00-00,446.67000000
2018-03-29 00-00-00,384.00000000
2018-03-30 00-00-00,392.43000000
2018-03-31 00-00-00,393.92000000
2018-04-01 00-00-00,378.58000000
2018-04-02 00-00-00,385.05000000
2018-04-03 00-00-00,415.01000000
2018-04-04 00-00-00,378.16000000
2018-04-05 00-00-00,381.22000000
2018-04-06 00-00-00,368.89000000
2018-04-07 00-00-00,384.51000000
2018-04-08 00-00-00,400.40000000
2018-04-09 00-00-00,399.44000000
2018-04-10 00-00-00,416.07000000
2018-04-11 00-00-00,429.52000000
2018-04-12 00-00-00,495.67000000
2018-04-13 00-00-00,495.11000000
2018-04-14 00-00-00,502.68000000
2018-04-15 00-00-00,533.88000000
2018-04-16 00-00-00,511.46000000
2018-04-17 00-00-00,502.56000000
2018-04-18 00-00-00,526.09000000
2018-04-19 00-00-00,568.14000000
2018-04-20 00-00-00,617.09000000
2018-04-21 00-00-00,604.87000000
2018-04-22 00-00-00,620.92000000
2018-04-23 00-00-00,645.09000000
2018-04-24 00-00-00,701.58000000
2018-04-25 00-00-00,618.00000000
2018-04-26 00-00-00,661.51000000
2018-04-27 00-00-00,643.46000000
2018-04-28 00-00-00,682.86000000
2018-04-29 00-00-00,690.85000000
2018-04-30 00-00-00,670.78000000
2018-05-01 00-00-00,672.00000000
2018-05-02 00-00-00,688.56000000
2018-05-03 00-00-00,779.00000000
2018-05-04 00-00-00,785.99000000
2018-05-05 00-00-00,819.50000000
2018-05-06 00-00-00,794.30000000
2018-05-07 00-00-00,752.49000000
2018-05-08 00-00-00,748.99000000
2018-05-09 00-00-00,751.75000000
2018-05-10 00-00-00,722.52000000
2018-05-11 00-00-00,676.96000000
2018-05-12 00-00-00,684.11000000
2018-05-13 00-00-00,729.08000000
2018-05-14 00-00-00,727.49000000
2018-05-15 00-00-00,704.91000000
2018-05-16 00-00-00,706.29000000
2018-05-17 00-00-00,667.62000000
2018-05-18 00-00-00,692.60000000
2018-05-19 00-00-00,697.00000000
2018-05-20 00-00-00,716.16000000
2018-05-21 00-00-00,696.70000000
2018-05-22 00-00-00,640.99000000
2018-05-23 00-00-00,577.19000000
2018-05-24 00-00-00,602.18000000
2018-05-25 00-00-00,585.55000000
2018-05-26 00-00-00,586.00000000
2018-05-27 00-00-00,570.40000000
2018-05-28 00-00-00,511.50000000
2018-05-29 00-00-00,567.36000000
2018-05-30 00-00-00,557.19000000
2018-05-31 00-00-00,577.81000000
2018-06-01 00-00-00,579.00000000
2018-06-02 00-00-00,590.85000000
2018-06-03 00-00-00,619.66000000
2018-06-04 00-00-00,591.02000000
2018-06-05 00-00-00,609.05000000
2018-06-06 00-00-00,607.40000000
2018-06-07 00-00-00,605.16000000
2018-06-08 00-00-00,598.68000000
2018-06-09 00-00-00,592.87000000
2018-06-10 00-00-00,524.11000000
2018-06-11 00-00-00,531.69000000
2018-06-12 00-00-00,493.00000000
2018-06-13 00-00-00,475.47000000
2018-06-14 00-00-00,519.29000000
2018-06-15 00-00-00,487.48000000
2018-06-16 00-00-00,496.74000000
2018-06-17 00-00-00,497.14000000
2018-06-18 00-00-00,517.95000000
2018-06-19 00-00-00,537.97000000
2018-06-20 00-00-00,536.49000000
2018-06-21 00-00-00,526.18000000
2018-06-22 00-00-00,462.09000000
2018-06-23 00-00-00,473.41000000
2018-06-24 00-00-00,454.41000000
2018-06-25 00-00-00,458.70000000
2018-06-26 00-00-00,429.34000000
2018-06-27 00-00-00,441.64000000
2018-06-28 00-00-00,420.22000000
2018-06-29 00-00-00,434.77000000
2018-06-30 00-00-00,454.09000000
2018-07-01 00-00-00,452.10000000
2018-07-02 00-00-00,476.25000000
2018-07-03 00-00-00,461.82000000
2018-07-04 00-00-00,467.38000000
2018-07-05 00-00-00,467.87000000
2018-07-06 00-00-00,470.47000000
2018-07-07 00-00-00,485.57000000
2018-07-08 00-00-00,486.77000000
2018-07-09 00-00-00,471.71000000
2018-07-10 00-00-00,432.48000000
2018-07-11 00-00-00,444.99000000
2018-07-12 00-00-00,431.14000000
2018-07-13 00-00-00,432.46000000
2018-07-14 00-00-00,433.19000000
2018-07-15 00-00-00,449.78000000
2018-07-16 00-00-00,478.49000000
2018-07-17 00-00-00,498.76000000
2018-07-18 00-00-00,479.41000000
2018-07-19 00-00-00,468.57000000
2018-07-20 00-00-00,449.04000000
2018-07-21 00-00-00,460.23000000
2018-07-22 00-00-00,457.47000000
2018-07-23 00-00-00,450.05000000
2018-07-24 00-00-00,479.28000000
2018-07-25 00-00-00,472.10000000
2018-07-26 00-00-00,462.64000000
2018-07-27 00-00-00,470.09000000
2018-07-28 00-00-00,469.29000000
2018-07-29 00-00-00,466.40000000
2018-07-30 00-00-00,456.23000000
2018-07-31 00-00-00,432.22000000
2018-08-01 00-00-00,420.41000000
2018-08-02 00-00-00,410.62000000
2018-08-03 00-00-00,417.52000000
2018-08-04 00-00-00,407.21000000
2018-08-05 00-00-00,408.79000000
2018-08-06 00-00-00,405.28000000
2018-08-07 00-00-00,378.21000000
2018-08-08 00-00-00,355.48000000
2018-08-09 00-00-00,363.30000000
2018-08-10 00-00-00,331.81000000
2018-08-11 00-00-00,317.69000000
2018-08-12 00-00-00,317.89000000
2018-08-13 00-00-00,283.81000000
2018-08-14 00-00-00,278.41000000
2018-08-15 00-00-00,281.12000000
2018-08-16 00-00-00,287.17000000
2018-08-17 00-00-00,317.51000000
2018-08-18 00-00-00,294.11000000
2018-08-19 00-00-00,299.42000000
2018-08-20 00-00-00,270.51000000
2018-08-21 00-00-00,281.21000000
2018-08-22 00-00-00,270.80000000
2018-08-23 00-00-00,275.99000000
2018-08-24 00-00-00,281.19000000
2018-08-25 00-00-00,277.55000000
2018-08-26 00-00-00,274.29000000
2018-08-27 00-00-00,287.71000000
2018-08-28 00-00-00,295.44000000
2018-08-29 00-00-00,288.40000000
2018-08-30 00-00-00,283.89000000
2018-08-31 00-00-00,281.41000000
2018-09-01 00-00-00,295.71000000
2018-09-02 00-00-00,295.41000000
2018-09-03 00-00-00,289.09000000
2018-09-04 00-00-00,285.30000000
2018-09-05 00-00-00,228.53000000
2018-09-06 00-00-00,229.70000000
2018-09-07 00-00-00,215.22000000
2018-09-08 00-00-00,196.71000000
2018-09-09 00-00-00,195.81000000
2018-09-10 00-00-00,197.15000000
2018-09-11 00-00-00,185.18000000
2018-09-12 00-00-00,183.12000000
2018-09-13 00-00-00,210.68000000
2018-09-14 00-00-00,208.82000000
2018-09-15 00-00-00,221.29000000
2018-09-16 00-00-00,220.17000000
2018-09-17 00-00-00,196.16000000
2018-09-18 00-00-00,208.17000000
2018-09-19 00-00-00,209.79000000
2018-09-20 00-00-00,224.00000000
2018-09-21 00-00-00,247.73000000
2018-09-22 00-00-00,241.01000000
2018-09-23 00-00-00,244.50000000
2018-09-24 00-00-00,228.06000000
2018-09-25 00-00-00,219.62000000
2018-09-26 00-00-00,214.42000000
2018-09-27 00-00-00,229.13000000
2018-09-28 00-00-00,221.84000000
2018-09-29 00-00-00,231.62000000
2018-09-30 00-00-00,232.94000000
2018-10-01 00-00-00,231.61000000
2018-10-02 00-00-00,225.69000000
2018-10-03 00-00-00,220.77000000
2018-10-04 00-00-00,222.66000000
2018-10-05 00-00-00,228.37000000
2018-10-06 00-00-00,225.40000000
2018-10-07 00-00-00,226.14000000
2018-10-08 00-00-00,230.01000000
2018-10-09 00-00-00,228.40000000
2018-10-10 00-00-00,226.74000000
2018-10-11 00-00-00,191.58000000
2018-10-12 00-00-00,196.96000000
2018-10-13 00-00-00,201.30000000
2018-10-14 00-00-00,197.01000000
2018-10-15 00-00-00,214.39000000
2018-10-16 00-00-00,215.09000000
2018-10-17 00-00-00,212.85000000
2018-10-18 00-00-00,206.24000000
2018-10-19 00-00-00,205.00000000
2018-10-20 00-00-00,207.91000000
2018-10-21 00-00-00,207.49000000
2018-10-22 00-00-00,206.67000000
2018-10-23 00-00-00,205.85000000
2018-10-24 00-00-00,205.35000000
2018-10-25 00-00-00,203.93000000
2018-10-26 00-00-00,204.92000000
2018-10-27 00-00-00,204.45000000
2018-10-28 00-00-00,204.99000000
2018-10-29 00-00-00,196.96000000
2018-10-30 00-00-00,197.27000000
2018-10-31 00-00-00,198.73000000
2018-11-01 00-00-00,199.96000000
2018-11-02 00-00-00,202.35000000
2018-11-03 00-00-00,200.31000000
2018-11-04 00-00-00,212.11000000
2018-11-05 00-00-00,210.66000000
2018-11-06 00-00-00,220.74000000
2018-11-07 00-00-00,219.07000000
2018-11-08 00-00-00,212.79000000
2018-11-09 00-00-00,210.77000000
2018-11-10 00-00-00,213.25000000
2018-11-11 00-00-00,212.54000000
2018-11-12 00-00-00,212.89000000
2018-11-13 00-00-00,209.84000000
2018-11-14 00-00-00,187.43000000
2018-11-15 00-00-00,184.35000000
2018-11-16 00-00-00,176.89000000
2018-11-17 00-00-00,176.20000000
2018-11-18 00-00-00,178.97000000
2018-11-19 00-00-00,150.81000000
2018-11-20 00-00-00,133.82000000
2018-11-21 00-00-00,138.23000000
2018-11-22 00-00-00,126.63000000
2018-11-23 00-00-00,125.02000000
2018-11-24 00-00-00,114.89000000
2018-11-25 00-00-00,118.67000000
2018-11-26 00-00-00,110.68000000
2018-11-27 00-00-00,111.43000000
2018-11-28 00-00-00,122.90000000
2018-11-29 00-00-00,117.98000000
2018-11-30 00-00-00,113.73000000
2018-12-01 00-00-00,118.10000000
2018-12-02 00-00-00,116.57000000
2018-12-03 00-00-00,108.76000000
2018-12-04 00-00-00,109.94000000
2018-12-05 00-00-00,102.71000000
2018-12-06 00-00-00,91.00000000
2018-12-07 00-00-00,93.05000000
2018-12-08 00-00-00,90.38000000
2018-12-09 00-00-00,93.26000000
2018-12-10 00-00-00,89.91000000
2018-12-11 00-00-00,87.76000000
2018-12-12 00-00-00,89.41000000
2018-12-13 00-00-00,86.34000000
2018-12-14 00-00-00,83.82000000
2018-12-15 00-00-00,83.76000000
2018-12-16 00-00-00,84.67000000
2018-12-17 00-00-00,94.02000000
2018-12-18 00-00-00,100.39000000
2018-12-19 00-00-00,98.74000000
2018-12-20 00-00-00,114.05000000
2018-12-21 00-00-00,107.69000000
2018-12-22 00-00-00,115.20000000
2018-12-23 00-00-00,129.03000000
2018-12-24 00-00-00,138.03000000
2018-12-25 00-00-00,127.60000000
2018-12-26 00-00-00,129.35000000
2018-12-27 00-00-00,113.80000000
2018-12-28 00-00-00,135.30000000
2018-12-29 00-00-00,132.89000000
2018-12-30 00-00-00,137.77000000
2018-12-31 00-00-00,131.45000000
2019-01-01 00-00-00,139.10000000
2019-01-02 00-00-00,152.01000000
2019-01-03 00-00-00,146.30000000
2019-01-04 00-00-00,151.97000000
2019-01-05 00-00-00,152.83000000
2019-01-06 00-00-00,153.86000000
2019-01-07 00-00-00,149.34000000
2019-01-08 00-00-00,147.60000000
2019-01-09 00-00-00,148.10000000
2019-01-10 00-00-00,124.95000000
2019-01-11 00-00-00,124.65000000
2019-01-12 00-00-00,123.35000000
2019-01-13 00-00-00,114.16000000
2019-01-14 00-00-00,126.95000000
2019-01-15 00-00-00,118.95000000
2019-01-16 00-00-00,121.48000000
2019-01-17 00-00-00,121.54000000
2019-01-18 00-00-00,119.17000000
2019-01-19 00-00-00,122.60000000
2019-01-20 00-00-00,117.47000000
2019-01-21 00-00-00,115.63000000
2019-01-22 00-00-00,117.81000000
2019-01-23 00-00-00,116.44000000
2019-01-24 00-00-00,116.39000000
2019-01-25 00-00-00,115.11000000
2019-01-26 00-00-00,115.34000000
2019-01-27 00-00-00,112.05000000
2019-01-28 00-00-00,105.50000000
2019-01-29 00-00-00,104.45000000
2019-01-30 00-00-00,108.29000000
2019-01-31 00-00-00,106.44000000
2019-02-01 00-00-00,106.73000000
2019-02-02 00-00-00,110.42000000
2019-02-03 00-00-00,107.36000000
2019-02-04 00-00-00,107.68000000
2019-02-05 00-00-00,107.27000000
2019-02-06 00-00-00,104.50000000
2019-02-07 00-00-00,104.48000000
2019-02-08 00-00-00,119.25000000
2019-02-09 00-00-00,119.19000000
2019-02-10 00-00-00,125.12000000
2019-02-11 00-00-00,120.89000000
2019-02-12 00-00-00,122.41000000
2019-02-13 00-00-00,121.86000000
2019-02-14 00-00-00,120.42000000
2019-02-15 00-00-00,121.67000000
2019-02-16 00-00-00,122.67000000
2019-02-17 00-00-00,133.75000000
2019-02-18 00-00-00,145.69000000
2019-02-19 00-00-00,143.44000000
2019-02-20 00-00-00,148.44000000
2019-02-21 00-00-00,145.69000000
2019-02-22 00-00-00,147.36000000
2019-02-23 00-00-00,157.79000000
2019-02-24 00-00-00,132.10000000
2019-02-25 00-00-00,137.87000000
2019-02-26 00-00-00,136.22000000
2019-02-27 00-00-00,135.02000000
2019-02-28 00-00-00,135.34000000
2019-03-01 00-00-00,135.32000000
2019-03-02 00-00-00,132.56000000
2019-03-03 00-00-00,130.60000000
2019-03-04 00-00-00,125.65000000
2019-03-05 00-00-00,136.72000000
2019-03-06 00-00-00,137.40000000
2019-03-07 00-00-00,136.81000000
2019-03-08 00-00-00,133.52000000
2019-03-09 00-00-00,137.27000000
2019-03-10 00-00-00,135.37000000
2019-03-11 00-00-00,132.67000000
2019-03-12 00-00-00,133.57000000
2019-03-13 00-00-00,131.65000000
2019-03-14 00-00-00,132.20000000
2019-03-15 00-00-00,136.56000000
2019-03-16 00-00-00,140.92000000
2019-03-17 00-00-00,138.67000000
2019-03-18 00-00-00,137.59000000
2019-03-19 00-00-00,138.55000000
2019-03-20 00-00-00,139.01000000
2019-03-21 00-00-00,134.85000000
2019-03-22 00-00-00,135.98000000
2019-03-23 00-00-00,137.28000000
2019-03-24 00-00-00,136.09000000
2019-03-25 00-00-00,133.98000000
2019-03-26 00-00-00,134.18000000
2019-03-27 00-00-00,139.45000000
2019-03-28 00-00-00,137.86000000
2019-03-29 00-00-00,143.25000000
2019-03-30 00-00-00,142.46000000
2019-03-31 00-00-00,141.38000000
2019-04-01 00-00-00,141.24000000
2019-04-02 00-00-00,163.31000000
2019-04-03 00-00-00,159.96000000
2019-04-04 00-00-00,157.36000000
2019-04-05 00-00-00,164.77000000
2019-04-06 00-00-00,165.50000000
2019-04-07 00-00-00,174.21000000
2019-04-08 00-00-00,178.72000000
2019-04-09 00-00-00,174.60000000
2019-04-10 00-00-00,177.12000000
2019-04-11 00-00-00,164.07000000
2019-04-12 00-00-00,163.19000000
2019-04-13 00-00-00,162.99000000
2019-04-14 00-00-00,167.23000000
2019-04-15 00-00-00,159.95000000
2019-04-16 00-00-00,165.37000000
2019-04-17 00-00-00,165.75000000
2019-04-18 00-00-00,173.33000000
2019-04-19 00-00-00,172.64000000
2019-04-20 00-00-00,172.88000000
2019-04-21 00-00-00,168.59000000
2019-04-22 00-00-00,170.52000000
2019-04-23 00-00-00,169.16000000
2019-04-24 00-00-00,164.78000000
2019-04-25 00-00-00,154.72000000
2019-04-26 00-00-00,157.95000000
2019-04-27 00-00-00,159.31000000
2019-04-28 00-00-00,157.85000000
2019-04-29 00-00-00,155.11000000
2019-04-30 00-00-00,161.83000000
2019-05-01 00-00-00,160.19000000
2019-05-02 00-00-00,161.81000000
2019-05-03 00-00-00,168.06000000
2019-05-04 00-00-00,163.70000000
2019-05-05 00-00-00,163.05000000
2019-05-06 00-00-00,173.00000000
2019-05-07 00-00-00,169.18000000
2019-05-08 00-00-00,170.85000000
2019-05-09 00-00-00,170.90000000
2019-05-10 00-00-00,172.91000000
2019-05-11 00-00-00,190.20000000
2019-05-12 00-00-00,188.11000000
2019-05-13 00-00-00,195.84000000
2019-05-14 00-00-00,216.40000000
2019-05-15 00-00-00,248.10000000
2019-05-16 00-00-00,264.25000000
2019-05-17 00-00-00,244.30000000
2019-05-18 00-00-00,233.60000000
2019-05-19 00-00-00,259.51000000
2019-05-20 00-00-00,250.37000000
2019-05-21 00-00-00,253.43000000
2019-05-22 00-00-00,243.64000000
2019-05-23 00-00-00,244.56000000
2019-05-24 00-00-00,248.87000000
2019-05-25 00-00-00,250.22000000
2019-05-26 00-00-00,264.45000000
2019-05-27 00-00-00,270.53000000
2019-05-28 00-00-00,271.03000000
2019-05-29 00-00-00,268.83000000
2019-05-30 00-00-00,254.56000000
2019-05-31 00-00-00,267.90000000
2019-06-01 00-00-00,264.33000000
2019-06-02 00-00-00,268.88000000
2019-06-03 00-00-00,249.91000000
2019-06-04 00-00-00,241.39000000
2019-06-05 00-00-00,245.63000000
2019-06-06 00-00-00,248.76000000
2019-06-07 00-00-00,248.77000000
2019-06-08 00-00-00,243.25000000
2019-06-09 00-00-00,230.98000000
2019-06-10 00-00-00,246.51000000
2019-06-11 00-00-00,244.29000000
2019-06-12 00-00-00,261.15000000
2019-06-13 00-00-00,254.67000000
2019-06-14 00-00-00,262.47000000
2019-06-15 00-00-00,267.82000000
2019-06-16 00-00-00,267.73000000
2019-06-17 00-00-00,273.16000000
2019-06-18 00-00-00,264.66000000
2019-06-19 00-00-00,268.14000000
2019-06-20 00-00-00,271.22000000
2019-06-21 00-00-00,294.35000000
2019-06-22 00-00-00,310.79000000
2019-06-23 00-00-00,308.52000000
2019-06-24 00-00-00,311.64000000
2019-06-25 00-00-00,318.26000000
2019-06-26 00-00-00,339.39000000
2019-06-27 00-00-00,298.35000000
2019-06-28 00-00-00,311.05000000
2019-06-29 00-00-00,317.62000000
2019-06-30 00-00-00,292.70000000
2019-07-01 00-00-00,295.07000000
2019-07-02 00-00-00,291.48000000
2019-07-03 00-00-00,301.14000000
2019-07-04 00-00-00,282.73000000
2019-07-05 00-00-00,287.47000000
2019-07-06 00-00-00,288.29000000
2019-07-07 00-00-00,304.72000000
2019-07-08 00-00-00,311.97000000
2019-07-09 00-00-00,307.46000000
2019-07-10 00-00-00,289.23000000
2019-07-11 00-00-00,268.63000000
2019-07-12 00-00-00,274.62000000
2019-07-13 00-00-00,268.79000000
2019-07-14 00-00-00,225.85000000
2019-07-15 00-00-00,228.20000000
2019-07-16 00-00-00,198.88000000
2019-07-17 00-00-00,210.81000000
2019-07-18 00-00-00,225.73000000
2019-07-19 00-00-00,220.73000000
2019-07-20 00-00-00,228.20000000
2019-07-21 00-00-00,225.38000000
2019-07-22 00-00-00,217.51000000
2019-07-23 00-00-00,212.48000000
2019-07-24 00-00-00,216.31000000
2019-07-25 00-00-00,219.14000000
2019-07-26 00-00-00,218.81000000
2019-07-27 00-00-00,207.30000000
2019-07-28 00-00-00,211.62000000
2019-07-29 00-00-00,210.89000000
2019-07-30 00-00-00,209.58000000
2019-07-31 00-00-00,218.42000000
2019-08-01 00-00-00,216.84000000
2019-08-02 00-00-00,217.61000000
2019-08-03 00-00-00,222.14000000
2019-08-04 00-00-00,221.79000000
2019-08-05 00-00-00,233.54000000
2019-08-06 00-00-00,226.28000000
2019-08-07 00-00-00,226.10000000
2019-08-08 00-00-00,221.39000000
2019-08-09 00-00-00,210.53000000
2019-08-10 00-00-00,206.48000000
2019-08-11 00-00-00,216.42000000
2019-08-12 00-00-00,211.41000000
2019-08-13 00-00-00,209.30000000
2019-08-14 00-00-00,187.10000000
2019-08-15 00-00-00,188.03000000
2019-08-16 00-00-00,184.88000000
2019-08-17 00-00-00,185.59000000
2019-08-18 00-00-00,194.33000000
2019-08-19 00-00-00,202.28000000
2019-08-20 00-00-00,196.60000000
2019-08-21 00-00-00,187.45000000
2019-08-22 00-00-00,190.35000000
2019-08-23 00-00-00,194.02000000
2019-08-24 00-00-00,190.60000000
2019-08-25 00-00-00,186.54000000
2019-08-26 00-00-00,188.67000000
2019-08-27 00-00-00,187.24000000
2019-08-28 00-00-00,173.03000000
2019-08-29 00-00-00,169.01000000
2019-08-30 00-00-00,168.50000000
2019-08-31 00-00-00,171.57000000
2019-09-01 00-00-00,170.74000000
2019-09-02 00-00-00,178.05000000
2019-09-03 00-00-00,178.75000000
2019-09-04 00-00-00,174.72000000
2019-09-05 00-00-00,173.75000000
2019-09-06 00-00-00,169.08000000
2019-09-07 00-00-00,177.62000000
2019-09-08 00-00-00,181.19000000
2019-09-09 00-00-00,180.54000000
2019-09-10 00-00-00,179.81000000
2019-09-11 00-00-00,178.28000000
2019-09-12 00-00-00,180.72000000
2019-09-13 00-00-00,180.95000000
2019-09-14 00-00-00,188.13000000
2019-09-15 00-00-00,189.03000000
2019-09-16 00-00-00,197.22000000
2019-09-17 00-00-00,207.84000000
2019-09-18 00-00-00,210.21000000
2019-09-19 00-00-00,220.24000000
2019-09-20 00-00-00,218.03000000
2019-09-21 00-00-00,215.05000000
2019-09-22 00-00-00,211.20000000
2019-09-23 00-00-00,201.29000000
2019-09-24 00-00-00,165.81000000
2019-09-25 00-00-00,169.96000000
2019-09-26 00-00-00,165.92000000
2019-09-27 00-00-00,173.79000000
2019-09-28 00-00-00,173.49000000
2019-09-29 00-00-00,169.24000000
2019-09-30 00-00-00,180.85000000
2019-10-01 00-00-00,175.66000000
2019-10-02 00-00-00,180.24000000
2019-10-03 00-00-00,174.69000000
2019-10-04 00-00-00,175.55000000
2019-10-05 00-00-00,176.25000000
2019-10-06 00-00-00,170.10000000
2019-10-07 00-00-00,179.85000000
2019-10-08 00-00-00,180.60000000
2019-10-09 00-00-00,192.62000000
2019-10-10 00-00-00,191.14000000
2019-10-11 00-00-00,180.72000000
2019-10-12 00-00-00,179.68000000
2019-10-13 00-00-00,180.99000000
2019-10-14 00-00-00,186.72000000
2019-10-15 00-00-00,180.49000000
2019-10-16 00-00-00,174.47000000
2019-10-17 00-00-00,177.16000000
2019-10-18 00-00-00,172.74000000
2019-10-19 00-00-00,171.79000000
2019-10-20 00-00-00,175.22000000
2019-10-21 00-00-00,173.98000000
2019-10-22 00-00-00,171.20000000
2019-10-23 00-00-00,162.35000000
2019-10-24 00-00-00,160.38000000
2019-10-25 00-00-00,181.50000000
2019-10-26 00-00-00,179.49000000
2019-10-27 00-00-00,183.75000000
2019-10-28 00-00-00,181.72000000
2019-10-29 00-00-00,190.46000000
2019-10-30 00-00-00,183.13000000
2019-10-31 00-00-00,182.18000000
2019-11-01 00-00-00,182.85000000
2019-11-02 00-00-00,182.91000000
2019-11-03 00-00-00,181.54000000
2019-11-04 00-00-00,185.71000000
2019-11-05 00-00-00,188.68000000
2019-11-06 00-00-00,191.16000000
2019-11-07 00-00-00,186.68000000
2019-11-08 00-00-00,183.74000000
2019-11-09 00-00-00,184.89000000
2019-11-10 00-00-00,188.96000000
2019-11-11 00-00-00,184.98000000
2019-11-12 00-00-00,187.09000000
2019-11-13 00-00-00,188.11000000
2019-11-14 00-00-00,184.92000000
2019-11-15 00-00-00,180.00000000
2019-11-16 00-00-00,182.37000000
2019-11-17 00-00-00,183.82000000
2019-11-18 00-00-00,178.20000000
2019-11-19 00-00-00,175.94000000
2019-11-20 00-00-00,174.72000000
2019-11-21 00-00-00,161.01000000
2019-11-22 00-00-00,149.56000000
2019-11-23 00-00-00,151.84000000
2019-11-24 00-00-00,139.96000000
2019-11-25 00-00-00,145.69000000
2019-11-26 00-00-00,147.47000000
2019-11-27 00-00-00,152.62000000
2019-11-28 00-00-00,150.72000000
2019-11-29 00-00-00,154.57000000
2019-11-30 00-00-00,151.37000000
2019-12-01 00-00-00,150.73000000
2019-12-02 00-00-00,148.65000000
2019-12-03 00-00-00,147.17000000
2019-12-04 00-00-00,145.38000000
2019-12-05 00-00-00,148.10000000
2019-12-06 00-00-00,148.45000000
2019-12-07 00-00-00,147.14000000
2019-12-08 00-00-00,150.44000000
2019-12-09 00-00-00,147.38000000
2019-12-10 00-00-00,145.56000000
2019-12-11 00-00-00,143.39000000
2019-12-12 00-00-00,144.87000000
2019-12-13 00-00-00,144.80000000
2019-12-14 00-00-00,141.79000000
2019-12-15 00-00-00,142.46000000
2019-12-16 00-00-00,132.73000000
2019-12-17 00-00-00,121.88000000
2019-12-18 00-00-00,132.78000000
2019-12-19 00-00-00,128.10000000
2019-12-20 00-00-00,128.19000000
2019-12-21 00-00-00,126.99000000
2019-12-22 00-00-00,132.09000000
2019-12-23 00-00-00,127.80000000
2019-12-24 00-00-00,127.75000000
2019-12-25 00-00-00,125.09000000
2019-12-26 00-00-00,125.58000000
2019-12-27 00-00-00,126.29000000
2019-12-28 00-00-00,128.11000000
2019-12-29 00-00-00,134.36000000
2019-12-30 00-00-00,131.59000000
2019-12-31 00-00-00,129.16000000
2020-01-01 00-00-00,130.77000000
2020-01-02 00-00-00,127.19000000
2020-01-03 00-00-00,134.35000000
2020-01-04 00-00-00,134.20000000
2020-01-05 00-00-00,135.37000000
2020-01-06 00-00-00,144.15000000
2020-01-07 00-00-00,142.80000000
2020-01-08 00-00-00,140.72000000
2020-01-09 00-00-00,137.74000000
2020-01-10 00-00-00,144.84000000
2020-01-11 00-00-00,142.38000000
2020-01-12 00-00-00,146.54000000
2020-01-13 00-00-00,143.58000000
2020-01-14 00-00-00,165.64000000
2020-01-15 00-00-00,166.40000000
2020-01-16 00-00-00,164.21000000
2020-01-17 00-00-00,169.85000000
2020-01-18 00-00-00,174.14000000
2020-01-19 00-00-00,166.79000000
2020-01-20 00-00-00,166.87000000
2020-01-21 00-00-00,169.49000000
2020-01-22 00-00-00,168.07000000
2020-01-23 00-00-00,162.81000000
2020-01-24 00-00-00,162.54000000
2020-01-25 00-00-00,160.35000000
2020-01-26 00-00-00,167.86000000
2020-01-27 00-00-00,170.08000000
2020-01-28 00-00-00,175.64000000
2020-01-29 00-00-00,173.72000000
2020-01-30 00-00-00,184.69000000
2020-01-31 00-00-00,179.99000000
2020-02-01 00-00-00,183.60000000
2020-02-02 00-00-00,188.44000000
2020-02-03 00-00-00,189.69000000
2020-02-04 00-00-00,188.91000000
2020-02-05 00-00-00,203.78000000
2020-02-06 00-00-00,213.19000000
2020-02-07 00-00-00,223.33000000
2020-02-08 00-00-00,223.05000000
2020-02-09 00-00-00,228.49000000
2020-02-10 00-00-00,222.89000000
2020-02-11 00-00-00,236.69000000
2020-02-12 00-00-00,265.74000000
2020-02-13 00-00-00,268.32000000
2020-02-14 00-00-00,285.15000000
2020-02-15 00-00-00,264.88000000
2020-02-16 00-00-00,258.85000000
2020-02-17 00-00-00,267.85000000
2020-02-18 00-00-00,282.61000000
2020-02-19 00-00-00,258.45000000
2020-02-20 00-00-00,256.96000000
2020-02-21 00-00-00,265.27000000
2020-02-22 00-00-00,261.57000000
2020-02-23 00-00-00,274.48000000
2020-02-24 00-00-00,265.52000000
2020-02-25 00-00-00,246.67000000
2020-02-26 00-00-00,223.93000000
2020-02-27 00-00-00,227.79000000
2020-02-28 00-00-00,226.76000000
2020-02-29 00-00-00,217.21000000
2020-03-01 00-00-00,217.81000000
2020-03-02 00-00-00,231.97000000
2020-03-03 00-00-00,223.91000000
2020-03-04 00-00-00,224.26000000
2020-03-05 00-00-00,228.38000000
2020-03-06 00-00-00,244.88000000
2020-03-07 00-00-00,237.23000000
2020-03-08 00-00-00,199.43000000
2020-03-09 00-00-00,202.81000000
2020-03-10 00-00-00,200.70000000
2020-03-11 00-00-00,194.61000000
2020-03-12 00-00-00,107.82000000
2020-03-13 00-00-00,134.06000000
2020-03-14 00-00-00,122.54000000
2020-03-15 00-00-00,123.78000000
2020-03-16 00-00-00,111.02000000
2020-03-17 00-00-00,115.67000000
2020-03-18 00-00-00,118.11000000
2020-03-19 00-00-00,136.30000000
2020-03-20 00-00-00,133.48000000
2020-03-21 00-00-00,132.66000000
2020-03-22 00-00-00,122.32000000
2020-03-23 00-00-00,135.92000000
2020-03-24 00-00-00,138.42000000
2020-03-25 00-00-00,136.10000000
2020-03-26 00-00-00,138.40000000
2020-03-27 00-00-00,131.33000000
2020-03-28 00-00-00,130.98000000
2020-03-29 00-00-00,124.50000000
2020-03-30 00-00-00,132.06000000
2020-03-31 00-00-00,132.72000000
2020-04-01 00-00-00,135.69000000
2020-04-02 00-00-00,141.28000000
2020-04-03 00-00-00,141.31000000
2020-04-04 00-00-00,144.10000000
2020-04-05 00-00-00,142.68000000
2020-04-06 00-00-00,171.32000000
2020-04-07 00-00-00,164.63000000
2020-04-08 00-00-00,173.11000000
2020-04-09 00-00-00,169.52000000
2020-04-10 00-00-00,157.81000000
2020-04-11 00-00-00,158.33000000
2020-04-12 00-00-00,158.59000000
2020-04-13 00-00-00,156.29000000
2020-04-14 00-00-00,158.45000000
2020-04-15 00-00-00,152.73000000
2020-04-16 00-00-00,172.29000000
2020-04-17 00-00-00,170.69000000
2020-04-18 00-00-00,187.40000000
2020-04-19 00-00-00,180.03000000
2020-04-20 00-00-00,170.20000000
2020-04-21 00-00-00,170.74000000
2020-04-22 00-00-00,182.70000000
2020-04-23 00-00-00,185.51000000
2020-04-24 00-00-00,187.59000000
2020-04-25 00-00-00,194.21000000
2020-04-26 00-00-00,197.38000000
2020-04-27 00-00-00,196.34000000
2020-04-28 00-00-00,196.24000000
2020-04-29 00-00-00,215.36000000
2020-04-30 00-00-00,206.08000000
2020-05-01 00-00-00,212.02000000
2020-05-02 00-00-00,213.90000000
2020-05-03 00-00-00,209.86000000
2020-05-04 00-00-00,206.48000000
2020-05-05 00-00-00,205.29000000
2020-05-06 00-00-00,198.97000000
2020-05-07 00-00-00,212.00000000
2020-05-08 00-00-00,211.31000000
2020-05-09 00-00-00,210.07000000
2020-05-10 00-00-00,187.54000000
2020-05-11 00-00-00,185.73000000
2020-05-12 00-00-00,189.76000000
2020-05-13 00-00-00,199.58000000
2020-05-14 00-00-00,203.29000000
2020-05-15 00-00-00,194.86000000
2020-05-16 00-00-00,200.45000000
2020-05-17 00-00-00,207.00000000
2020-05-18 00-00-00,214.91000000
2020-05-19 00-00-00,214.58000000
2020-05-20 00-00-00,209.98000000
2020-05-21 00-00-00,198.74000000
2020-05-22 00-00-00,207.36000000
2020-05-23 00-00-00,206.60000000
2020-05-24 00-00-00,199.90000000
2020-05-25 00-00-00,204.15000000
2020-05-26 00-00-00,200.89000000
2020-05-27 00-00-00,208.29000000
2020-05-28 00-00-00,220.21000000
2020-05-29 00-00-00,220.67000000
2020-05-30 00-00-00,243.66000000
2020-05-31 00-00-00,231.57000000
2020-06-01 00-00-00,248.23000000
2020-06-02 00-00-00,237.71000000
2020-06-03 00-00-00,244.52000000
2020-06-04 00-00-00,243.21000000
2020-06-05 00-00-00,240.03000000
2020-06-06 00-00-00,241.94000000
2020-06-07 00-00-00,244.56000000
2020-06-08 00-00-00,246.40000000
2020-06-09 00-00-00,243.80000000
2020-06-10 00-00-00,247.78000000
2020-06-11 00-00-00,230.51000000
2020-06-12 00-00-00,237.55000000
2020-06-13 00-00-00,238.11000000
2020-06-14 00-00-00,231.77000000
2020-06-15 00-00-00,230.86000000
2020-06-16 00-00-00,235.30000000
2020-06-17 00-00-00,233.82000000
2020-06-18 00-00-00,231.27000000
2020-06-19 00-00-00,229.00000000
2020-06-20 00-00-00,228.89000000
2020-06-21 00-00-00,228.04000000
2020-06-22 00-00-00,243.13000000
2020-06-23 00-00-00,243.14000000
2020-06-24 00-00-00,234.58000000
2020-06-25 00-00-00,232.50000000
2020-06-26 00-00-00,229.64000000
2020-06-27 00-00-00,220.94000000
2020-06-28 00-00-00,224.93000000
2020-06-29 00-00-00,227.93000000
2020-06-30 00-00-00,225.60000000
2020-07-01 00-00-00,230.99000000
2020-07-02 00-00-00,226.46000000
2020-07-03 00-00-00,224.87000000
2020-07-04 00-00-00,229.17000000
2020-07-05 00-00-00,227.56000000
2020-07-06 00-00-00,241.60000000
2020-07-07 00-00-00,239.39000000
2020-07-08 00-00-00,246.95000000
2020-07-09 00-00-00,241.98000000
2020-07-10 00-00-00,241.26000000
2020-07-11 00-00-00,239.19000000
2020-07-12 00-00-00,242.79000000
2020-07-13 00-00-00,239.50000000
2020-07-14 00-00-00,240.44000000
2020-07-15 00-00-00,238.61000000
2020-07-16 00-00-00,233.57000000
2020-07-17 00-00-00,232.67000000
2020-07-18 00-00-00,235.67000000
2020-07-19 00-00-00,239.11000000
2020-07-20 00-00-00,236.01000000
2020-07-21 00-00-00,245.59000000
2020-07-22 00-00-00,263.74000000
2020-07-23 00-00-00,275.30000000
2020-07-24 00-00-00,279.15000000
2020-07-25 00-00-00,305.26000000
2020-07-26 00-00-00,311.00000000
2020-07-27 00-00-00,321.93000000
2020-07-28 00-00-00,316.77000000
2020-07-29 00-00-00,317.71000000
2020-07-30 00-00-00,334.87000000
2020-07-31 00-00-00,346.33000000
2020-08-01 00-00-00,387.00000000
2020-08-02 00-00-00,372.42000000
2020-08-03 00-00-00,385.94000000
2020-08-04 00-00-00,389.61000000
2020-08-05 00-00-00,400.72000000
2020-08-06 00-00-00,394.77000000
2020-08-07 00-00-00,379.34000000
2020-08-08 00-00-00,397.03000000
2020-08-09 00-00-00,390.14000000
2020-08-10 00-00-00,395.44000000
2020-08-11 00-00-00,379.00000000
2020-08-12 00-00-00,387.18000000
2020-08-13 00-00-00,424.54000000
2020-08-14 00-00-00,438.11000000
2020-08-15 00-00-00,432.32000000
2020-08-16 00-00-00,433.62000000
2020-08-17 00-00-00,430.89000000
2020-08-18 00-00-00,421.95000000
2020-08-19 00-00-00,407.46000000
2020-08-20 00-00-00,415.94000000
2020-08-21 00-00-00,387.97000000
2020-08-22 00-00-00,395.24000000
2020-08-23 00-00-00,390.71000000
2020-08-24 00-00-00,407.68000000
2020-08-25 00-00-00,382.93000000
2020-08-26 00-00-00,385.81000000
2020-08-27 00-00-00,383.27000000
2020-08-28 00-00-00,395.11000000
2020-08-29 00-00-00,398.65000000
2020-08-30 00-00-00,428.94000000
2020-08-31 00-00-00,433.79000000
2020-09-01 00-00-00,475.40000000
2020-09-02 00-00-00,439.50000000
2020-09-03 00-00-00,381.40000000
2020-09-04 00-00-00,385.26000000
2020-09-05 00-00-00,335.01000000
2020-09-06 00-00-00,352.80000000
2020-09-07 00-00-00,353.59000000
2020-09-08 00-00-00,337.39000000
2020-09-09 00-00-00,350.85000000
2020-09-10 00-00-00,367.93000000
2020-09-11 00-00-00,373.63000000
2020-09-12 00-00-00,387.78000000
2020-09-13 00-00-00,366.42000000
2020-09-14 00-00-00,377.12000000
2020-09-15 00-00-00,364.06000000
2020-09-16 00-00-00,365.11000000
2020-09-17 00-00-00,389.36000000
2020-09-18 00-00-00,384.39000000
2020-09-19 00-00-00,385.25000000
2020-09-20 00-00-00,371.04000000
2020-09-21 00-00-00,340.36000000
2020-09-22 00-00-00,344.21000000
2020-09-23 00-00-00,320.72000000
2020-09-24 00-00-00,348.97000000
2020-09-25 00-00-00,351.92000000
2020-09-26 00-00-00,353.92000000
2020-09-27 00-00-00,357.49000000
2020-09-28 00-00-00,353.96000000
2020-09-29 00-00-00,359.79000000
2020-09-30 00-00-00,359.83000000
2020-10-01 00-00-00,352.85000000
2020-10-02 00-00-00,345.60000000
2020-10-03 00-00-00,345.95000000
2020-10-04 00-00-00,352.37000000
2020-10-05 00-00-00,353.62000000
2020-10-06 00-00-00,340.75000000
2020-10-07 00-00-00,341.58000000
2020-10-08 00-00-00,350.95000000
2020-10-09 00-00-00,365.02000000
2020-10-10 00-00-00,370.52000000
2020-10-11 00-00-00,374.16000000
2020-10-12 00-00-00,386.51000000
2020-10-13 00-00-00,381.04000000
2020-10-14 00-00-00,378.69000000
2020-10-15 00-00-00,377.64000000
2020-10-16 00-00-00,365.50000000
2020-10-17 00-00-00,368.32000000
2020-10-18 00-00-00,378.11000000
2020-10-19 00-00-00,379.30000000
2020-10-20 00-00-00,368.52000000
2020-10-21 00-00-00,390.38000000
2020-10-22 00-00-00,413.98000000
2020-10-23 00-00-00,409.11000000
2020-10-24 00-00-00,412.14000000
2020-10-25 00-00-00,405.86000000
2020-10-26 00-00-00,392.52000000
2020-10-27 00-00-00,403.45000000
2020-10-28 00-00-00,388.23000000
2020-10-29 00-00-00,387.13000000
2020-10-30 00-00-00,382.49000000
2020-10-31 00-00-00,386.46000000
2020-11-01 00-00-00,396.67000000
2020-11-02 00-00-00,383.02000000
2020-11-03 00-00-00,387.88000000
2020-11-04 00-00-00,402.49000000
2020-11-05 00-00-00,416.69000000
2020-11-06 00-00-00,455.91000000
2020-11-07 00-00-00,435.21000000
2020-11-08 00-00-00,454.30000000
2020-11-09 00-00-00,444.32000000
2020-11-10 00-00-00,450.34000000
2020-11-11 00-00-00,463.09000000
2020-11-12 00-00-00,462.39000000
2020-11-13 00-00-00,476.43000000
2020-11-14 00-00-00,460.89000000
2020-11-15 00-00-00,448.08000000
2020-11-16 00-00-00,460.55000000
2020-11-17 00-00-00,482.15000000
2020-11-18 00-00-00,478.41000000
2020-11-19 00-00-00,471.25000000
2020-11-20 00-00-00,510.12000000
2020-11-21 00-00-00,552.35000000
2020-11-22 00-00-00,560.03000000
2020-11-23 00-00-00,608.58000000
2020-11-24 00-00-00,604.97000000
2020-11-25 00-00-00,569.50000000
2020-11-26 00-00-00,519.83000000
2020-11-27 00-00-00,518.68000000
2020-11-28 00-00-00,537.52000000
2020-11-29 00-00-00,576.30000000
2020-11-30 00-00-00,616.66000000
2020-12-01 00-00-00,585.26000000
2020-12-02 00-00-00,596.89000000
2020-12-03 00-00-00,615.85000000
2020-12-04 00-00-00,567.24000000
2020-12-05 00-00-00,596.80000000
2020-12-06 00-00-00,601.54000000
2020-12-07 00-00-00,591.28000000
2020-12-08 00-00-00,554.94000000
2020-12-09 00-00-00,573.09000000
2020-12-10 00-00-00,558.99000000
2020-12-11 00-00-00,544.43000000
2020-12-12 00-00-00,568.04000000
2020-12-13 00-00-00,590.70000000
2020-12-14 00-00-00,586.29000000
2020-12-15 00-00-00,588.64000000
2020-12-16 00-00-00,637.18000000
2020-12-17 00-00-00,642.70000000
2020-12-18 00-00-00,653.85000000
2020-12-19 00-00-00,658.03000000
2020-12-20 00-00-00,638.18000000
2020-12-21 00-00-00,607.58000000
2020-12-22 00-00-00,636.45000000
2020-12-23 00-00-00,585.56000000
2020-12-24 00-00-00,612.31000000
2020-12-25 00-00-00,626.82000000
2020-12-26 00-00-00,637.44000000
2020-12-27 00-00-00,685.11000000
2020-12-28 00-00-00,730.41000000
2020-12-29 00-00-00,732.00000000
2020-12-30 00-00-00,752.17000000
2020-12-31 00-00-00,736.42000000
2021-01-01 00-00-00,728.91000000
2021-01-02 00-00-00,774.56000000
2021-01-03 00-00-00,978.28000000
2021-01-04 00-00-00,1041.43000000
2021-01-05 00-00-00,1099.56000000
2021-01-06 00-00-00,1208.42000000
2021-01-07 00-00-00,1224.87000000
2021-01-08 00-00-00,1216.93000000
2021-01-09 00-00-00,1276.00000000
2021-01-10 00-00-00,1254.25000000
2021-01-11 00-00-00,1087.01000000
2021-01-12 00-00-00,1050.16000000
2021-01-13 00-00-00,1129.89000000
2021-01-14 00-00-00,1231.62000000
2021-01-15 00-00-00,1168.53000000
2021-01-16 00-00-00,1227.83000000
2021-01-17 00-00-00,1232.45000000
2021-01-18 00-00-00,1258.45000000
2021-01-19 00-00-00,1365.36000000
2021-01-20 00-00-00,1376.99000000
2021-01-21 00-00-00,1110.96000000
2021-01-22 00-00-00,1232.62000000
2021-01-23 00-00-00,1233.60000000
2021-01-24 00-00-00,1392.51000000
2021-01-25 00-00-00,1317.88000000
2021-01-26 00-00-00,1365.97000000
2021-01-27 00-00-00,1239.03000000
2021-01-28 00-00-00,1329.69000000
2021-01-29 00-00-00,1379.50000000
2021-01-30 00-00-00,1378.05000000
2021-01-31 00-00-00,1312.55000000
2021-02-01 00-00-00,1374.17000000
2021-02-02 00-00-00,1511.87000000
2021-02-03 00-00-00,1664.49000000
2021-02-04 00-00-00,1595.67000000
2021-02-05 00-00-00,1719.19000000
2021-02-06 00-00-00,1676.35000000
2021-02-07 00-00-00,1611.62000000
2021-02-08 00-00-00,1750.15000000
2021-02-09 00-00-00,1769.13000000
2021-02-10 00-00-00,1740.78000000
2021-02-11 00-00-00,1785.62000000
2021-02-12 00-00-00,1840.26000000
2021-02-13 00-00-00,1814.96000000
2021-02-14 00-00-00,1800.42000000
2021-02-15 00-00-00,1779.25000000
2021-02-16 00-00-00,1781.99000000
2021-02-17 00-00-00,1849.88000000
2021-02-18 00-00-00,1939.61000000
2021-02-19 00-00-00,1955.00000000
2021-02-20 00-00-00,1913.00000000
2021-02-21 00-00-00,1933.53000000
2021-02-22 00-00-00,1777.58000000
2021-02-23 00-00-00,1577.89000000
2021-02-24 00-00-00,1623.39000000
2021-02-25 00-00-00,1481.75000000
2021-02-26 00-00-00,1444.59000000
2021-02-27 00-00-00,1458.13000000
2021-02-28 00-00-00,1419.18000000
2021-03-01 00-00-00,1569.86000000
2021-03-02 00-00-00,1486.78000000
2021-03-03 00-00-00,1567.69000000
2021-03-04 00-00-00,1539.23000000
2021-03-05 00-00-00,1528.31000000
2021-03-06 00-00-00,1650.35000000
2021-03-07 00-00-00,1726.16000000
2021-03-08 00-00-00,1833.18000000
2021-03-09 00-00-00,1870.51000000
2021-03-10 00-00-00,1795.12000000
2021-03-11 00-00-00,1825.78000000
2021-03-12 00-00-00,1766.10000000
2021-03-13 00-00-00,1922.35000000
2021-03-14 00-00-00,1848.10000000
2021-03-15 00-00-00,1793.48000000
2021-03-16 00-00-00,1805.12000000
2021-03-17 00-00-00,1823.58000000
2021-03-18 00-00-00,1776.08000000
2021-03-19 00-00-00,1809.10000000
2021-03-20 00-00-00,1806.10000000
2021-03-21 00-00-00,1782.98000000
2021-03-22 00-00-00,1680.97000000
2021-03-23 00-00-00,1668.08000000
2021-03-24 00-00-00,1581.84000000
2021-03-25 00-00-00,1585.74000000
2021-03-26 00-00-00,1698.84000000
2021-03-27 00-00-00,1712.63000000
2021-03-28 00-00-00,1687.01000000
2021-03-29 00-00-00,1816.74000000
2021-03-30 00-00-00,1840.46000000
2021-03-31 00-00-00,1919.37000000
2021-04-01 00-00-00,1968.05000000
2021-04-02 00-00-00,2133.69000000
2021-04-03 00-00-00,2008.52000000
2021-04-04 00-00-00,2075.69000000
2021-04-05 00-00-00,2107.38000000
2021-04-06 00-00-00,2112.21000000
2021-04-07 00-00-00,1963.47000000
2021-04-08 00-00-00,2080.46000000
2021-04-09 00-00-00,2066.87000000
2021-04-10 00-00-00,2133.49000000
2021-04-11 00-00-00,2151.36000000
2021-04-12 00-00-00,2137.69000000
2021-04-13 00-00-00,2299.19000000
2021-04-14 00-00-00,2432.60000000
2021-04-15 00-00-00,2514.04000000
2021-04-16 00-00-00,2422.67000000
2021-04-17 00-00-00,2317.60000000
2021-04-18 00-00-00,2235.64000000
2021-04-19 00-00-00,2161.12000000
2021-04-20 00-00-00,2330.03000000
2021-04-21 00-00-00,2357.06000000
2021-04-22 00-00-00,2397.94000000
2021-04-23 00-00-00,2367.39000000
2021-04-24 00-00-00,2213.35000000
2021-04-25 00-00-00,2320.49000000
2021-04-26 00-00-00,2532.60000000
2021-04-27 00-00-00,2666.13000000
2021-04-28 00-00-00,2748.24000000
2021-04-29 00-00-00,2757.04000000
2021-04-30 00-00-00,2772.42000000
2021-05-01 00-00-00,2944.77000000
2021-05-02 00-00-00,2949.56000000
2021-05-03 00-00-00,3431.04000000
2021-05-04 00-00-00,3239.01000000
2021-05-05 00-00-00,3524.26000000
2021-05-06 00-00-00,3489.73000000
2021-05-07 00-00-00,3479.53000000
2021-05-08 00-00-00,3910.26000000
2021-05-09 00-00-00,3923.95000000
2021-05-10 00-00-00,3945.88000000
2021-05-11 00-00-00,4173.45000000
2021-05-12 00-00-00,3823.21000000
2021-05-13 00-00-00,3717.91000000
2021-05-14 00-00-00,4075.01000000
2021-05-15 00-00-00,3646.68000000
2021-05-16 00-00-00,3582.10000000
2021-05-17 00-00-00,3282.51000000
2021-05-18 00-00-00,3375.07000000
2021-05-19 00-00-00,2438.92000000
2021-05-20 00-00-00,2768.62000000
2021-05-21 00-00-00,2430.98000000
2021-05-22 00-00-00,2294.87000000
2021-05-23 00-00-00,2096.39000000
2021-05-24 00-00-00,2648.43000000
2021-05-25 00-00-00,2705.11000000
2021-05-26 00-00-00,2884.94000000
2021-05-27 00-00-00,2742.23000000
2021-05-28 00-00-00,2412.10000000
2021-05-29 00-00-00,2278.74000000
2021-05-30 00-00-00,2385.98000000
2021-05-31 00-00-00,2706.15000000
2021-06-01 00-00-00,2634.57000000
2021-06-02 00-00-00,2706.22000000
2021-06-03 00-00-00,2857.25000000
2021-06-04 00-00-00,2689.51000000
2021-06-05 00-00-00,2627.73000000
2021-06-06 00-00-00,2711.92000000
2021-06-07 00-00-00,2592.05000000
2021-06-08 00-00-00,2507.23000000
2021-06-09 00-00-00,2610.18000000
2021-06-10 00-00-00,2471.09000000
2021-06-11 00-00-00,2354.01000000
2021-06-12 00-00-00,2370.74000000
2021-06-13 00-00-00,2509.33000000
2021-06-14 00-00-00,2580.77000000
2021-06-15 00-00-00,2543.54000000
2021-06-16 00-00-00,2367.89000000
2021-06-17 00-00-00,2373.28000000
2021-06-18 00-00-00,2234.09000000
2021-06-19 00-00-00,2164.67000000
2021-06-20 00-00-00,2243.47000000
2021-06-21 00-00-00,1885.49000000
2021-06-22 00-00-00,1879.28000000
2021-06-23 00-00-00,1968.14000000
2021-06-24 00-00-00,1989.52000000
2021-06-25 00-00-00,1808.82000000
2021-06-26 00-00-00,1829.64000000
2021-06-27 00-00-00,1982.28000000
2021-06-28 00-00-00,2084.41000000
2021-06-29 00-00-00,2165.33000000
2021-06-30 00-00-00,2275.68000000
2021-07-01 00-00-00,2106.41000000
2021-07-02 00-00-00,2154.13000000
2021-07-03 00-00-00,2226.99000000
2021-07-04 00-00-00,2322.69000000
2021-07-05 00-00-00,2196.53000000
2021-07-06 00-00-00,2322.50000000
2021-07-07 00-00-00,2316.57000000
2021-07-08 00-00-00,2116.33000000
2021-07-09 00-00-00,2146.99000000
2021-07-10 00-00-00,2110.69000000
2021-07-11 00-00-00,2140.45000000
2021-07-12 00-00-00,2031.58000000
2021-07-13 00-00-00,1940.15000000
2021-07-14 00-00-00,1994.58000000
2021-07-15 00-00-00,1919.51000000
2021-07-16 00-00-00,1876.26000000
2021-07-17 00-00-00,1899.59000000
2021-07-18 00-00-00,1891.64000000
2021-07-19 00-00-00,1818.73000000
2021-07-20 00-00-00,1786.03000000
2021-07-21 00-00-00,1995.50000000
2021-07-22 00-00-00,2024.56000000
2021-07-23 00-00-00,2124.25000000
2021-07-24 00-00-00,2184.75000000
2021-07-25 00-00-00,2189.79000000
2021-07-26 00-00-00,2228.08000000
2021-07-27 00-00-00,2299.49000000
2021-07-28 00-00-00,2300.90000000
2021-07-29 00-00-00,2382.92000000
2021-07-30 00-00-00,2461.81000000
2021-07-31 00-00-00,2531.05000000
2021-08-01 00-00-00,2555.69000000
2021-08-02 00-00-00,2606.93000000
2021-08-03 00-00-00,2509.04000000
2021-08-04 00-00-00,2724.78000000
2021-08-05 00-00-00,2826.99000000
2021-08-06 00-00-00,2891.58000000
2021-08-07 00-00-00,3160.31000000
2021-08-08 00-00-00,3011.85000000
2021-08-09 00-00-00,3160.52000000
2021-08-10 00-00-00,3141.66000000
2021-08-11 00-00-00,3160.50000000
2021-08-12 00-00-00,3045.96000000
2021-08-13 00-00-00,3322.32000000
2021-08-14 00-00-00,3263.16000000
2021-08-15 00-00-00,3307.09000000
2021-08-16 00-00-00,3146.53000000
2021-08-17 00-00-00,3011.72000000
2021-08-18 00-00-00,3014.55000000
2021-08-19 00-00-00,3184.12000000
2021-08-20 00-00-00,3284.82000000
2021-08-21 00-00-00,3223.43000000
2021-08-22 00-00-00,3238.00000000
2021-08-23 00-00-00,3321.28000000
2021-08-24 00-00-00,3170.62000000
2021-08-25 00-00-00,3226.87000000
2021-08-26 00-00-00,3093.20000000
2021-08-27 00-00-00,3273.45000000
2021-08-28 00-00-00,3244.48000000
2021-08-29 00-00-00,3223.47000000
2021-08-30 00-00-00,3229.64000000
2021-08-31 00-00-00,3429.20000000
2021-09-01 00-00-00,3826.82000000
2021-09-02 00-00-00,3785.82000000
2021-09-03 00-00-00,3938.11000000
2021-09-04 00-00-00,3885.52000000
2021-09-05 00-00-00,3950.29000000
2021-09-06 00-00-00,3926.77000000
2021-09-07 00-00-00,3434.57000000
2021-09-08 00-00-00,3499.00000000
2021-09-09 00-00-00,3424.93000000
2021-09-10 00-00-00,3208.86000000
2021-09-11 00-00-00,3267.21000000
2021-09-12 00-00-00,3404.21000000
2021-09-13 00-00-00,3285.35000000
2021-09-14 00-00-00,3434.37000000
2021-09-15 00-00-00,3613.55000000
2021-09-16 00-00-00,3567.98000000
2021-09-17 00-00-00,3399.81000000
2021-09-18 00-00-00,3435.64000000
2021-09-19 00-00-00,3328.62000000
2021-09-20 00-00-00,2977.28000000
2021-09-21 00-00-00,2765.90000000
2021-09-22 00-00-00,3076.92000000
2021-09-23 00-00-00,3152.50000000
2021-09-24 00-00-00,2928.53000000
2021-09-25 00-00-00,2921.73000000
2021-09-26 00-00-00,3059.37000000
2021-09-27 00-00-00,2925.59000000
2021-09-28 00-00-00,2804.91000000
2021-09-29 00-00-00,2850.45000000
2021-09-30 00-00-00,3000.61000000
2021-10-01 00-00-00,3309.91000000
2021-10-02 00-00-00,3387.76000000
2021-10-03 00-00-00,3417.73000000
2021-10-04 00-00-00,3386.31000000
2021-10-05 00-00-00,3515.27000000
2021-10-06 00-00-00,3574.89000000
2021-10-07 00-00-00,3587.47000000
2021-10-08 00-00-00,3563.13000000
2021-10-09 00-00-00,3574.82000000
2021-10-10 00-00-00,3414.22000000
2021-10-11 00-00-00,3542.12000000
2021-10-12 00-00-00,3491.46000000
2021-10-13 00-00-00,3607.42000000
2021-10-14 00-00-00,3790.82000000
2021-10-15 00-00-00,3868.99000000
2021-10-16 00-00-00,3829.96000000
2021-10-17 00-00-00,3846.85000000
2021-10-18 00-00-00,3744.96000000
2021-10-19 00-00-00,3877.03000000
2021-10-20 00-00-00,4161.15000000
2021-10-21 00-00-00,4052.99000000
2021-10-22 00-00-00,3972.20000000
2021-10-23 00-00-00,4167.12000000
2021-10-24 00-00-00,4082.33000000
2021-10-25 00-00-00,4220.37000000
2021-10-26 00-00-00,4131.52000000
2021-10-27 00-00-00,3922.00000000
2021-10-28 00-00-00,4286.02000000
2021-10-29 00-00-00,4418.89000000
2021-10-30 00-00-00,4322.68000000
2021-10-31 00-00-00,4287.21000000
2021-11-01 00-00-00,4319.43000000
2021-11-02 00-00-00,4589.89000000
2021-11-03 00-00-00,4603.35000000
2021-11-04 00-00-00,4532.32000000
2021-11-05 00-00-00,4474.24000000
2021-11-06 00-00-00,4518.00000000
2021-11-07 00-00-00,4612.59000000
2021-11-08 00-00-00,4807.98000000
2021-11-09 00-00-00,4732.33000000
2021-11-10 00-00-00,4628.78000000
2021-11-11 00-00-00,4719.00000000
2021-11-12 00-00-00,4665.46000000
2021-11-13 00-00-00,4644.28000000
2021-11-14 00-00-00,4626.50000000
2021-11-15 00-00-00,4563.78000000
2021-11-16 00-00-00,4209.76000000
2021-11-17 00-00-00,4287.80000000
2021-11-18 00-00-00,3996.90000000
2021-11-19 00-00-00,4294.76000000
2021-11-20 00-00-00,4412.17000000
2021-11-21 00-00-00,4258.31000000
2021-11-22 00-00-00,4085.97000000
2021-11-23 00-00-00,4339.44000000
2021-11-24 00-00-00,4269.36000000
2021-11-25 00-00-00,4524.85000000
2021-11-26 00-00-00,4041.20000000
2021-11-27 00-00-00,4095.29000000
2021-11-28 00-00-00,4294.78000000
2021-11-29 00-00-00,4444.53000000
2021-11-30 00-00-00,4630.26000000
2021-12-01 00-00-00,4582.95000000
2021-12-02 00-00-00,4511.21000000
2021-12-03 00-00-00,4215.73000000
2021-12-04 00-00-00,4117.25000000
2021-12-05 00-00-00,4196.44000000
2021-12-06 00-00-00,4347.59000000
2021-12-07 00-00-00,4306.40000000
2021-12-08 00-00-00,4436.91000000
2021-12-09 00-00-00,4105.64000000
2021-12-10 00-00-00,3897.94000000
2021-12-11 00-00-00,4089.37000000
2021-12-12 00-00-00,4130.00000000
2021-12-13 00-00-00,3781.93000000
2021-12-14 00-00-00,3858.99000000
2021-12-15 00-00-00,4019.08000000
2021-12-16 00-00-00,3958.11000000
2021-12-17 00-00-00,3875.42000000
2021-12-18 00-00-00,3959.93000000
2021-12-19 00-00-00,3924.14000000
2021-12-20 00-00-00,3944.73000000
2021-12-21 00-00-00,4014.15000000
2021-12-22 00-00-00,3979.51000000
2021-12-23 00-00-00,4111.41000000
2021-12-24 00-00-00,4046.36000000
2021-12-25 00-00-00,4094.83000000
2021-12-26 00-00-00,4063.56000000
2021-12-27 00-00-00,4037.23000000
2021-12-28 00-00-00,3792.75000000
2021-12-29 00-00-00,3630.19000000
2021-12-30 00-00-00,3709.27000000
2021-12-31 00-00-00,3676.23000000
2022-01-01 00-00-00,3765.54000000
2022-01-02 00-00-00,3828.27000000
2022-01-03 00-00-00,3765.89000000
2022-01-04 00-00-00,3785.11000000
2022-01-05 00-00-00,3540.63000000
2022-01-06 00-00-00,3406.81000000
2022-01-07 00-00-00,3199.24000000
2022-01-08 00-00-00,3080.95000000
2022-01-09 00-00-00,3151.97000000
2022-01-10 00-00-00,3082.68000000
2022-01-11 00-00-00,3239.72000000
2022-01-12 00-00-00,3371.26000000
2022-01-13 00-00-00,3240.61000000
2022-01-14 00-00-00,3307.42000000
2022-01-15 00-00-00,3326.04000000
2022-01-16 00-00-00,3346.88000000
2022-01-17 00-00-00,3209.67000000
2022-01-18 00-00-00,3159.85000000
2022-01-19 00-00-00,3084.02000000
2022-01-20 00-00-00,3001.48000000
2022-01-21 00-00-00,2568.15000000
2022-01-22 00-00-00,2412.18000000
2022-01-23 00-00-00,2539.01000000
2022-01-24 00-00-00,2439.29000000
2022-01-25 00-00-00,2458.83000000
2022-01-26 00-00-00,2462.99000000
2022-01-27 00-00-00,2424.25000000
2022-01-28 00-00-00,2544.99000000
2022-01-29 00-00-00,2601.43000000
2022-01-30 00-00-00,2601.68000000
2022-01-31 00-00-00,2686.94000000
2022-02-01 00-00-00,2787.23000000
2022-02-02 00-00-00,2680.67000000
2022-02-03 00-00-00,2695.46000000
2022-02-04 00-00-00,2994.99000000
2022-02-05 00-00-00,3012.65000000
2022-02-06 00-00-00,3054.99000000
2022-02-07 00-00-00,3139.77000000
2022-02-08 00-00-00,3116.69000000
2022-02-09 00-00-00,3243.94000000
2022-02-10 00-00-00,3072.49000000
2022-02-11 00-00-00,2927.54000000
2022-02-12 00-00-00,2918.88000000
2022-02-13 00-00-00,2871.13000000
2022-02-14 00-00-00,2929.75000000
2022-02-15 00-00-00,3183.52000000
2022-02-16 00-00-00,3122.30000000
2022-02-17 00-00-00,2891.87000000
2022-02-18 00-00-00,2779.48000000
2022-02-19 00-00-00,2763.63000000
2022-02-20 00-00-00,2621.99000000
2022-02-21 00-00-00,2568.02000000
2022-02-22 00-00-00,2636.29000000
2022-02-23 00-00-00,2579.71000000
2022-02-24 00-00-00,2596.20000000
2022-02-25 00-00-00,2768.49000000
2022-02-26 00-00-00,2779.47000000
2022-02-27 00-00-00,2616.79000000
2022-02-28 00-00-00,2920.95000000
2022-03-01 00-00-00,2976.33000000
2022-03-02 00-00-00,2947.30000000
2022-03-03 00-00-00,2833.99000000
2022-03-04 00-00-00,2622.10000000
2022-03-05 00-00-00,2665.15000000
2022-03-06 00-00-00,2551.29000000
2022-03-07 00-00-00,2491.12000000
2022-03-08 00-00-00,2575.97000000
2022-03-09 00-00-00,2726.98000000
2022-03-10 00-00-00,2606.70000000
2022-03-11 00-00-00,2556.86000000
2022-03-12 00-00-00,2568.80000000
2022-03-13 00-00-00,2515.65000000
2022-03-14 00-00-00,2589.41000000
2022-03-15 00-00-00,2617.73000000
2022-03-16 00-00-00,2773.81000000
2022-03-17 00-00-00,2811.92000000
2022-03-18 00-00-00,2938.92000000
2022-03-19 00-00-00,2950.84000000
2022-03-20 00-00-00,2861.38000000
2022-03-21 00-00-00,2890.03000000
2022-03-22 00-00-00,2969.64000000
2022-03-23 00-00-00,3036.00000000
2022-03-24 00-00-00,3110.76000000
2022-03-25 00-00-00,3102.14000000
2022-03-26 00-00-00,3145.00000000
2022-03-27 00-00-00,3295.65000000
2022-03-28 00-00-00,3332.92000000
2022-03-29 00-00-00,3400.51000000
2022-03-30 00-00-00,3385.79000000
2022-03-31 00-00-00,3281.51000000
2022-04-01 00-00-00,3455.21000000
2022-04-02 00-00-00,3443.77000000
2022-04-03 00-00-00,3521.91000000
2022-04-04 00-00-00,3519.50000000
2022-04-05 00-00-00,3406.99000000
2022-04-06 00-00-00,3168.51000000
2022-04-07 00-00-00,3227.19000000
2022-04-08 00-00-00,3192.39000000
2022-04-09 00-00-00,3258.57000000
2022-04-10 00-00-00,3203.04000000
2022-04-11 00-00-00,2979.74000000
2022-04-12 00-00-00,3027.66000000
2022-04-13 00-00-00,3118.28000000
2022-04-14 00-00-00,3021.98000000
2022-04-15 00-00-00,3040.56000000
2022-04-16 00-00-00,3059.30000000
2022-04-17 00-00-00,2988.06000000
2022-04-18 00-00-00,3055.56000000
2022-04-19 00-00-00,3101.77000000
2022-04-20 00-00-00,3076.04000000
2022-04-21 00-00-00,2983.58000000
2022-04-22 00-00-00,2962.39000000
2022-04-23 00-00-00,2933.03000000
2022-04-24 00-00-00,2921.00000000
2022-04-25 00-00-00,3006.62000000
2022-04-26 00-00-00,2809.67000000
2022-04-27 00-00-00,2888.96000000
2022-04-28 00-00-00,2936.93000000
2022-04-29 00-00-00,2817.13000000
2022-04-30 00-00-00,2726.66000000
2022-05-01 00-00-00,2824.81000000
2022-05-02 00-00-00,2856.54000000
2022-05-03 00-00-00,2781.70000000
2022-05-04 00-00-00,2940.64000000
2022-05-05 00-00-00,2747.97000000
2022-05-06 00-00-00,2692.85000000
2022-05-07 00-00-00,2635.34000000
2022-05-08 00-00-00,2519.71000000
2022-05-09 00-00-00,2228.55000000
2022-05-10 00-00-00,2342.05000000
2022-05-11 00-00-00,2084.99000000
2022-05-12 00-00-00,1960.22000000
2022-05-13 00-00-00,2009.69000000
2022-05-14 00-00-00,2056.48000000
2022-05-15 00-00-00,2145.29000000
2022-05-16 00-00-00,2023.66000000
2022-05-17 00-00-00,2090.72000000
2022-05-18 00-00-00,1915.11000000
2022-05-19 00-00-00,2019.55000000
2022-05-20 00-00-00,1959.08000000
2022-05-21 00-00-00,1975.07000000
2022-05-22 00-00-00,2043.19000000
2022-05-23 00-00-00,1973.32000000
2022-05-24 00-00-00,1979.41000000
2022-05-25 00-00-00,1942.63000000
2022-05-26 00-00-00,1792.23000000
2022-05-27 00-00-00,1727.27000000
2022-05-28 00-00-00,1792.22000000
2022-05-29 00-00-00,1813.64000000
2022-05-30 00-00-00,1998.78000000
2022-05-31 00-00-00,1941.90000000
2022-06-01 00-00-00,1817.95000000
2022-06-02 00-00-00,1834.08000000
2022-06-03 00-00-00,1775.12000000
2022-06-04 00-00-00,1804.58000000
2022-06-05 00-00-00,1806.23000000
2022-06-06 00-00-00,1859.84000000
2022-06-07 00-00-00,1813.33000000
2022-06-08 00-00-00,1791.88000000
2022-06-09 00-00-00,1788.81000000
2022-06-10 00-00-00,1662.91000000
2022-06-11 00-00-00,1532.89000000
2022-06-12 00-00-00,1434.84000000
2022-06-13 00-00-00,1209.82000000
2022-06-14 00-00-00,1208.90000000
2022-06-15 00-00-00,1237.52000000
2022-06-16 00-00-00,1068.50000000
2022-06-17 00-00-00,1086.94000000
2022-06-18 00-00-00,995.13000000
2022-06-19 00-00-00,1128.53000000
2022-06-20 00-00-00,1128.24000000
2022-06-21 00-00-00,1125.85000000
2022-06-22 00-00-00,1050.19000000
2022-06-23 00-00-00,1144.72000000
2022-06-24 00-00-00,1225.02000000
2022-06-25 00-00-00,1242.36000000
2022-06-26 00-00-00,1197.79000000
2022-06-27 00-00-00,1192.51000000
2022-06-28 00-00-00,1144.05000000
2022-06-29 00-00-00,1100.21000000
2022-06-30 00-00-00,1071.01000000
2022-07-01 00-00-00,1059.73000000
2022-07-02 00-00-00,1067.01000000
2022-07-03 00-00-00,1074.26000000
2022-07-04 00-00-00,1151.00000000
2022-07-05 00-00-00,1132.50000000
2022-07-06 00-00-00,1186.57000000
2022-07-07 00-00-00,1237.49000000
2022-07-08 00-00-00,1214.04000000
2022-07-09 00-00-00,1217.02000000
2022-07-10 00-00-00,1168.36000000
2022-07-11 00-00-00,1096.40000000
2022-07-12 00-00-00,1038.58000000
2022-07-13 00-00-00,1115.00000000
2022-07-14 00-00-00,1193.42000000
2022-07-15 00-00-00,1231.25000000
2022-07-16 00-00-00,1355.85000000
2022-07-17 00-00-00,1338.65000000
2022-07-18 00-00-00,1581.04000000
2022-07-19 00-00-00,1542.32000000
2022-07-20 00-00-00,1521.58000000
2022-07-21 00-00-00,1575.45000000
2022-07-22 00-00-00,1535.27000000
2022-07-23 00-00-00,1548.67000000
2022-07-24 00-00-00,1597.70000000
2022-07-25 00-00-00,1440.79000000
2022-07-26 00-00-00,1449.12000000
2022-07-27 00-00-00,1635.74000000
2022-07-28 00-00-00,1724.52000000
2022-07-29 00-00-00,1721.68000000
2022-07-30 00-00-00,1697.00000000
2022-07-31 00-00-00,1678.12000000
2022-08-01 00-00-00,1630.28000000
2022-08-02 00-00-00,1630.91000000
2022-08-03 00-00-00,1618.16000000
2022-08-04 00-00-00,1607.96000000
2022-08-05 00-00-00,1736.81000000
2022-08-06 00-00-00,1690.60000000
2022-08-07 00-00-00,1700.19000000
2022-08-08 00-00-00,1777.05000000
2022-08-09 00-00-00,1702.76000000
2022-08-10 00-00-00,1853.57000000
2022-08-11 00-00-00,1880.19000000
2022-08-12 00-00-00,1958.28000000
2022-08-13 00-00-00,1983.55000000
2022-08-14 00-00-00,1935.31000000
2022-08-15 00-00-00,1899.06000000
2022-08-16 00-00-00,1876.67000000
2022-08-17 00-00-00,1834.25000000
2022-08-18 00-00-00,1846.39000000
2022-08-19 00-00-00,1609.01000000
2022-08-20 00-00-00,1576.04000000
2022-08-21 00-00-00,1618.13000000
2022-08-22 00-00-00,1624.66000000
2022-08-23 00-00-00,1665.41000000
2022-08-24 00-00-00,1656.56000000
2022-08-25 00-00-00,1695.11000000
2022-08-26 00-00-00,1508.18000000
2022-08-27 00-00-00,1491.06000000
2022-08-28 00-00-00,1426.76000000
2022-08-29 00-00-00,1551.80000000
2022-08-30 00-00-00,1524.59000000
2022-08-31 00-00-00,1554.10000000
2022-09-01 00-00-00,1586.16000000
2022-09-02 00-00-00,1575.35000000
2022-09-03 00-00-00,1557.46000000
2022-09-04 00-00-00,1579.28000000
2022-09-05 00-00-00,1617.80000000
2022-09-06 00-00-00,1559.01000000
2022-09-07 00-00-00,1630.00000000
2022-09-08 00-00-00,1635.37000000
2022-09-09 00-00-00,1718.23000000
2022-09-10 00-00-00,1774.12000000
2022-09-11 00-00-00,1766.11000000
2022-09-12 00-00-00,1716.37000000
2022-09-13 00-00-00,1574.40000000
2022-09-14 00-00-00,1638.39000000
2022-09-15 00-00-00,1472.75000000
2022-09-16 00-00-00,1433.90000000
2022-09-17 00-00-00,1468.83000000
2022-09-18 00-00-00,1334.51000000
2022-09-19 00-00-00,1375.98000000
2022-09-20 00-00-00,1322.93000000
2022-09-21 00-00-00,1245.78000000
2022-09-22 00-00-00,1326.46000000
2022-09-23 00-00-00,1327.25000000
2022-09-24 00-00-00,1317.13000000
2022-09-25 00-00-00,1294.63000000
2022-09-26 00-00-00,1336.17000000
2022-09-27 00-00-00,1328.02000000
2022-09-28 00-00-00,1337.20000000
2022-09-29 00-00-00,1335.70000000
2022-09-30 00-00-00,1328.72000000
2022-10-01 00-00-00,1311.79000000
2022-10-02 00-00-00,1276.72000000
2022-10-03 00-00-00,1323.09000000
2022-10-04 00-00-00,1361.49000000
2022-10-05 00-00-00,1352.20000000
2022-10-06 00-00-00,1352.06000000
2022-10-07 00-00-00,1331.10000000
2022-10-08 00-00-00,1315.48000000
2022-10-09 00-00-00,1323.13000000
2022-10-10 00-00-00,1290.03000000
2022-10-11 00-00-00,1280.11000000
2022-10-12 00-00-00,1294.44000000
2022-10-13 00-00-00,1287.08000000
2022-10-14 00-00-00,1296.27000000
2022-10-15 00-00-00,1274.92000000
2022-10-16 00-00-00,1305.95000000
2022-10-17 00-00-00,1331.40000000
2022-10-18 00-00-00,1310.71000000
2022-10-19 00-00-00,1285.09000000
2022-10-20 00-00-00,1282.57000000
2022-10-21 00-00-00,1299.75000000
2022-10-22 00-00-00,1313.61000000
2022-10-23 00-00-00,1364.20000000
2022-10-24 00-00-00,1343.61000000
2022-10-25 00-00-00,1459.74000000
2022-10-26 00-00-00,1566.10000000
2022-10-27 00-00-00,1514.05000000
2022-10-28 00-00-00,1554.41000000
2022-10-29 00-00-00,1619.55000000
2022-10-30 00-00-00,1590.44000000
2022-10-31 00-00-00,1572.69000000
2022-11-01 00-00-00,1578.48000000
2022-11-02 00-00-00,1518.34000000
2022-11-03 00-00-00,1531.01000000
2022-11-04 00-00-00,1644.78000000
2022-11-05 00-00-00,1626.98000000
2022-11-06 00-00-00,1568.29000000
2022-11-07 00-00-00,1568.10000000
2022-11-08 00-00-00,1334.77000000
2022-11-09 00-00-00,1102.73000000
2022-11-10 00-00-00,1299.28000000
2022-11-11 00-00-00,1289.28000000
2022-11-12 00-00-00,1257.25000000
2022-11-13 00-00-00,1221.49000000
2022-11-14 00-00-00,1243.28000000
2022-11-15 00-00-00,1253.23000000
2022-11-16 00-00-00,1216.17000000
2022-11-17 00-00-00,1200.43000000
2022-11-18 00-00-00,1212.58000000
2022-11-19 00-00-00,1217.67000000
2022-11-20 00-00-00,1142.21000000
2022-11-21 00-00-00,1107.34000000
2022-11-22 00-00-00,1139.60000000
2022-11-23 00-00-00,1184.52000000
2022-11-24 00-00-00,1203.73000000
2022-11-25 00-00-00,1199.30000000
2022-11-26 00-00-00,1205.60000000
2022-11-27 00-00-00,1193.88000000
2022-11-28 00-00-00,1167.77000000
2022-11-29 00-00-00,1216.49000000
2022-11-30 00-00-00,1294.46000000
2022-12-01 00-00-00,1276.41000000
2022-12-02 00-00-00,1295.59000000
2022-12-03 00-00-00,1240.51000000
2022-12-04 00-00-00,1279.41000000
2022-12-05 00-00-00,1259.41000000
2022-12-06 00-00-00,1271.32000000
2022-12-07 00-00-00,1231.18000000
2022-12-08 00-00-00,1280.18000000
2022-12-09 00-00-00,1263.10000000
2022-12-10 00-00-00,1266.35000000
2022-12-11 00-00-00,1263.01000000
2022-12-12 00-00-00,1275.40000000
2022-12-13 00-00-00,1320.69000000
2022-12-14 00-00-00,1307.44000000
2022-12-15 00-00-00,1266.54000000
2022-12-16 00-00-00,1166.83000000
2022-12-17 00-00-00,1187.16000000
2022-12-18 00-00-00,1183.06000000
2022-12-19 00-00-00,1167.82000000
2022-12-20 00-00-00,1216.94000000
2022-12-21 00-00-00,1213.78000000
2022-12-22 00-00-00,1217.71000000
2022-12-23 00-00-00,1219.99000000
2022-12-24 00-00-00,1220.41000000
2022-12-25 00-00-00,1218.51000000
2022-12-26 00-00-00,1228.11000000
2022-12-27 00-00-00,1211.55000000
2022-12-28 00-00-00,1190.15000000
2022-12-29 00-00-00,1200.49000000
2022-12-30 00-00-00,1199.99000000
2022-12-31 00-00-00,1196.13000000
2023-01-01 00-00-00,1200.34000000
2023-01-02 00-00-00,1214.00000000
2023-01-03 00-00-00,1214.55000000
2023-01-04 00-00-00,1256.90000000
2023-01-05 00-00-00,1251.24000000
2023-01-06 00-00-00,1269.14000000
2023-01-07 00-00-00,1264.07000000
2023-01-08 00-00-00,1290.16000000
2023-01-09 00-00-00,1320.39000000
2023-01-10 00-00-00,1335.62000000
2023-01-11 00-00-00,1389.39000000
2023-01-12 00-00-00,1415.92000000
2023-01-13 00-00-00,1451.20000000
2023-01-14 00-00-00,1549.90000000
2023-01-15 00-00-00,1552.52000000
2023-01-16 00-00-00,1576.94000000
2023-01-17 00-00-00,1565.57000000
2023-01-18 00-00-00,1511.43000000
2023-01-19 00-00-00,1551.09000000
2023-01-20 00-00-00,1658.52000000
2023-01-21 00-00-00,1626.66000000
2023-01-22 00-00-00,1627.44000000
2023-01-23 00-00-00,1626.29000000
2023-01-24 00-00-00,1555.97000000
2023-01-25 00-00-00,1611.94000000
2023-01-26 00-00-00,1601.09000000
2023-01-27 00-00-00,1597.62000000
2023-01-28 00-00-00,1572.10000000
2023-01-29 00-00-00,1644.72000000
2023-01-30 00-00-00,1566.20000000
2023-01-31 00-00-00,1585.33000000
2023-02-01 00-00-00,1641.68000000
2023-02-02 00-00-00,1643.12000000
2023-02-03 00-00-00,1663.52000000
2023-02-04 00-00-00,1666.38000000
2023-02-05 00-00-00,1629.02000000
2023-02-06 00-00-00,1614.29000000
2023-02-07 00-00-00,1671.03000000
2023-02-08 00-00-00,1650.43000000
2023-02-09 00-00-00,1545.35000000
2023-02-10 00-00-00,1513.06000000
2023-02-11 00-00-00,1538.51000000
2023-02-12 00-00-00,1514.83000000
2023-02-13 00-00-00,1505.24000000
2023-02-14 00-00-00,1555.71000000
2023-02-15 00-00-00,1674.92000000
2023-02-16 00-00-00,1637.84000000
2023-02-17 00-00-00,1693.87000000
2023-02-18 00-00-00,1691.62000000
2023-02-19 00-00-00,1679.75000000
2023-02-20 00-00-00,1703.27000000
2023-02-21 00-00-00,1659.76000000
2023-02-22 00-00-00,1643.14000000
2023-02-23 00-00-00,1650.53000000
2023-02-24 00-00-00,1607.80000000
2023-02-25 00-00-00,1594.58000000
2023-02-26 00-00-00,1641.36000000
2023-02-27 00-00-00,1633.45000000
2023-02-28 00-00-00,1605.23000000
2023-03-01 00-00-00,1665.22000000
2023-03-02 00-00-00,1647.86000000
2023-03-03 00-00-00,1569.45000000
2023-03-04 00-00-00,1566.73000000
2023-03-05 00-00-00,1564.58000000
2023-03-06 00-00-00,1565.84000000
2023-03-07 00-00-00,1561.96000000
2023-03-08 00-00-00,1532.38000000
2023-03-09 00-00-00,1437.32000000
2023-03-10 00-00-00,1426.44000000
2023-03-11 00-00-00,1471.97000000
2023-03-12 00-00-00,1580.33000000
2023-03-13 00-00-00,1673.45000000
2023-03-14 00-00-00,1699.40000000
2023-03-15 00-00-00,1649.96000000
2023-03-16 00-00-00,1673.73000000
2023-03-17 00-00-00,1789.27000000
2023-03-18 00-00-00,1815.63000000
